,PILOT: StateOwned Real Property,PILOT: StateOwned Real Property,PILOT: StateOwned Real Property,PILOT: Colleges & Hospitals,PILOT: Colleges & Hospitals,PILOT: Colleges & Hospitals,Mashantucket Pequot And Mohegan Fund Grant,Mashantucket Pequot And Mohegan Fund Grant,Mashantucket Pequot And Mohegan Fund Grant,Town Aid Road Fund Grant,Town Aid Road Fund Grant,Town Aid Road Fund Grant,Local Capital Improvement Program,Local Capital Improvement Program,Local Capital Improvement Program,Public School Pupil Transportation,Public School Pupil Transportation,Public School Pupil Transportation,NonPublic School Pupil Transportation,NonPublic School Pupil Transportation,NonPublic School Pupil Transportation,Adult Education,Adult Education,Adult Education,Education cost sharing grant,Education cost sharing grant,Education cost sharing grant,Grants for municipal projects,Grants for municipal projects,Grants for municipal projects,Municipal revenue sharing,Municipal revenue sharing,Municipal revenue sharing: Select payments in lieu of taxes,Municipal revenue sharing: Additional sales tax funds,Municipal revenue sharing: Additional sales tax funds,Municipal revenue sharing: Additional sales tax funds,Motor Vehicle Property Tax Grants,Motor Vehicle Property Tax Grants,Motor Vehicle Property Tax Grants,Statutory Formula Grants,Statutory Formula Grants,Statutory Formula Grants
Grantee,FY 2015,FY 2016,FY 2017,FY 2015,FY 2016,FY 2017,FY 2015,FY 2016,FY 2017,FY 2015,FY 2016,FY 2017,FY 2015,FY 2016,FY 2017,FY 2015,FY 2016,FY 2017,FY 2015,FY 2016,FY 2017,FY 2015,FY 2016,FY 2017,FY 2015,FY 2016,FY 2017,FY 2015,FY 2016,FY 2017,FY 2015,FY 2016,FY 2017,FY 2015,FY 2016,FY 2017,FY 2015,FY 2016,FY 2017,FY 2015,FY 2016,FY 2017
Andover,20165,3767,4244,,,,15990,16302,15014,190165,190310,190310,28185,28323,28323,15665,12716,12550,,0,0,,0,0,2384269,2380424,2380424,2464,2620,2620,,,,,,96020,,,,2656903,2634462,2729505
Ansonia,116975,40005,44606,,,,171557,178864,161227,318737,317316,317316,176587,183253,183253,119302,116107,115055,20091,25489,24187,105318,110107,102513,16628198,16640631,16640631,80336,85419,85419,,,20543,,,643519,,,604424,17737101,17697191,18942693
Ashford,6171,0,44,,,,24198,25506,24029,291170,292107,292107,49252,50017,50017,40862,31498,32911,,0,0,,0,0,3935453,3921094,3921094,3369,3582,3582,,,,,,125591,,,5239,4350474,4323804,4454614
Avon,95895,0,,,,,16844,20504,19245,311737,312344,312344,108884,108947,108947,15555,13258,11426,300,305,245,2028,2131,1889,1258240,1214508,1214508,245886,261442,261442,,,,,,539387,,,,2055369,1933439,2469433
Barkhamsted,20534,0,1695,,,,16417,17958,17014,195865,195772,195772,35653,35692,35692,18806,17367,16959,,0,0,1593,1642,1519,1671280,1676986,1676986,38995,41462,41462,,,,,,109867,,,,1999143,1986879,2096966
Beacon Falls,50469,20698,20935,,,,29604,30187,28985,188588,188446,188446,37461,37796,37796,,0,0,,0,0,,0,0,4128939,4155180,4155180,41202,43809,43809,,,,,,177547,,,23086,4476263,4476116,4675783
Berlin,26032,0,450,,,,52750,47285,43538,332340,333145,333145,125683,126789,126789,87417,85428,88055,8022,8680,8661,13154,13994,13549,6332782,6290335,6290335,739604,786396,786396,,,,,,1213548,,,,7717784,7692052,8904466
Bethany,38215,7850,5911,16126,15799,15214,19171,16609,15970,211211,211130,211130,46761,47062,47062,11375,9251,10364,,0,0,,0,0,2053478,2062725,2062725,63229,67229,67229,,,,,,164574,,,98721,2459566,2437655,2698899
Bethel,36007,0,150,16551,,6,51561,53032,48969,318762,319352,319352,118708,119172,119172,98478,95239,94489,17674,17364,16629,12177,12903,12097,8290545,8264287,8264287,265841,282660,282660,,,,,,565146,,,17484,9226304,9164008,9740440
Bethlehem,1199,0,159,,,,15431,14293,13652,214442,214612,214612,34326,33093,33093,,0,0,,0,0,,0,0,1319337,1300366,1300366,7472,7945,7945,,,,,,61554,,,,1592207,1570309,1631381
Bloomfield,128055,11324,14178,203625,188271,192108,157761,159786,150935,337076,335425,335425,126327,124840,124840,117386,128318,105257,655,1,0,20757,25908,20923,6186541,6318330,6318330,1600114,1701347,1701347,,,,,,631150,,,698152,8878296,8993550,10292645
Bolton,42491,9017,16038,,,,20238,17277,16404,200448,200349,200349,37644,37821,37821,31652,28453,25273,,0,0,3931,4085,3499,3061138,3052337,3052337,23380,24859,24859,,,,,,153231,,,144994,3420922,3374199,3674806
Bozrah,5304,0,,,,,18044,16815,16348,181856,181846,181846,26545,27237,27237,19872,20298,21297,,0,0,6033,6623,6518,1251785,1248503,1248503,130279,138521,138521,,,,,,77420,,,,1639719,1639843,1717690
Branford,58565,0,,113861,,,57869,56504,53920,399296,398046,398046,154428,155501,155501,76579,61221,59785,3040,3040,2864,22160,21257,19637,1891038,2110402,2110402,352546,374850,374850,,,,,,821080,,,,3129382,3180821,3996084
Bridgeport,3012598,2353126,2385650,7962794,7499641,7512451,6196581,6276110,5928463,1383106,1387630,1387630,2413992,2374132,2374132,1168616,1083144,1050596,358448,335346,313675,2178375,2251203,2069681,180061809,182260683,182260683,970184,1031564,1031564,,,3236058,,,9758441,,,5222047,205706504,206852579,224531071
Bridgewater,1421,0,51,,,,8688,8724,8272,178861,178866,178866,23655,23606,23606,,0,0,,0,0,,0,0,137292,122296,122296,552,587,587,,,,,,22557,,,,350469,334079,356235
Bristol,95901,0,,581447,403627,395259,592174,599774,566551,665128,663976,663976,471380,475834,475834,413344,406106,390376,74874,161410,149737,279444,321932,291631,45618996,45702808,45702808,2338949,2486925,2486925,,,,,,1836944,,,1095291,51131638,51222392,54055332
Brookfield,30459,0,340,,,,24761,22995,21751,303840,304309,304309,103800,104868,104868,8106,29958,33257,3544,1982,2133,3620,3469,3413,1430333,1481600,1481600,111243,118281,118281,,,,,,494620,,,,2019706,2067462,2564572
Brooklyn,153425,112140,112249,,,,225240,228534,213490,241660,242371,242371,72385,71211,71211,116093,97739,94377,,0,0,33693,35239,31535,7077461,7110065,7110065,9761,10379,10379,,,,,,149576,,,,7929719,7907678,8035253
Burlington,55498,0,5480,,,,21866,23690,22480,259536,259547,259547,74005,74435,74435,,0,0,,0,0,,0,0,4394032,4437357,4437357,14390,15300,15300,,,,,,278524,,,,4819327,4810329,5093124
Canaan,108377,98160,94636,2093,2048,1975,9493,10062,9684,169401,169913,169913,19394,18783,18783,1989,3639,2247,,0,0,,0,0,209258,209153,209153,19480,20712,20712,,,,,,21294,,,,539485,532470,548397
Canterbury,10752,0,330,,,,37279,32095,29595,224492,224629,224629,55431,55130,55130,84731,72490,68492,,0,0,12893,13889,12485,4646983,4742761,4742761,1902,2022,2022,,,,,,84475,,,,5074462,5143017,5219920
Canton,31365,0,,,,,24270,21455,20134,261055,261161,261161,68569,68185,68185,45142,39831,37005,,0,0,2610,2959,2642,3385315,3461000,3461000,7518,7994,7994,,,,,,303842,,,,3825845,3862584,4161962
Chaplin,63647,43232,50794,,,,83587,84660,79971,189072,189102,189102,27157,27254,27254,26780,24210,23435,,0,0,2718,2981,2739,1893763,1893640,1893640,565,601,601,,,11177,,,69906,,,55303,2287289,2265680,2403921
Cheshire,2139715,1973568,1879755,129632,130139,122301,2154316,2186494,2066914,404067,402408,402408,180905,180400,180400,171003,133962,121445,36185,36004,31398,27158,27471,23968,9560226,9663023,9663023,692865,736700,736700,,,,,,855170,,,,15496072,15470170,16083482
Chester,14716,0,418,,,,14917,15064,14681,190075,191241,191241,28576,28680,28680,3747,3755,3585,,0,0,,0,0,675408,680117,680117,83953,89264,89264,,,,,,83109,,,,1011391,1008122,1091096
Clinton,36598,0,,,,,38993,32440,31051,269158,268843,268843,84464,84125,84125,43985,41592,39758,,0,0,22125,25984,23713,6538203,6459513,6459513,180269,191674,191674,,,,,,386660,,,,7213795,7104172,7485337
Colchester,58291,47757,,,,,71476,68600,65590,348769,349420,349420,116846,117313,117313,174928,166762,156712,,0,0,27827,29650,26517,13765334,13771666,13771666,36688,39009,39009,,,,,,475551,,,,14600158,14590177,15001778
Colebrook,7370,0,1215,,,,10461,10461,9864,200862,201187,201187,24968,24932,24932,2919,2750,3827,,0,0,271,283,334,508008,505155,505155,517,550,550,,,,,,42744,,,,755376,745318,789807
Columbia,7577,0,168,,,,21149,21482,19813,205576,205510,205510,39504,39693,39693,43249,35993,33285,,0,0,2343,2410,2132,2601682,2569547,2569547,25171,26763,26763,,,,,,160179,,,,2946251,2901399,3057090
Cornwall,19318,3241,3174,,,,8442,8680,8199,223417,224174,224174,32618,32569,32569,287,252,246,,0,0,,0,0,85339,85129,85129,,,,,,,,,16221,,,,369421,354045,369712
Coventry,51559,0,286,,,,48216,47641,44477,297200,295186,295186,101904,101217,101217,148039,123438,114543,,0,0,12091,11833,10454,8926913,8933895,8933895,9906,10533,10533,,,,,,364100,,,,9595828,9523742,9874690
Cromwell,19754,0,181,57827,4498,2655,45990,40080,35402,277817,277297,277297,83041,84537,84537,34465,38978,50531,,0,0,10862,14014,16302,4545886,4662439,4662439,29249,31099,31099,,,,,,415938,,,,5104891,5152943,5576382
Danbury,2413997,1909997,1896601,1344343,1384386,1268313,951066,963273,909915,855534,861735,861735,557492,554189,554189,484825,472292,452750,205681,195983,181181,242251,262220,238933,29663098,30700645,30700645,1624148,1726901,1726901,,,620540,,,2993644,,,,38342436,39031620,42405347
Darien,108594,0,,,,,9582,9708,9265,335085,336590,336590,111194,112832,112832,287,252,246,,0,0,78,81,38,1469077,1372149,1372149,,,,,,,,,246849,,,,2033897,1831612,2077969
Deep River,11165,0,,,,,15373,18288,17391,198719,198560,198560,30364,30471,30471,8284,5673,5780,,0,0,,0,0,1732856,1712644,1712644,97940,104136,104136,,,1961,,,134627,,,,2094700,2069773,2205570
Derby,45385,0,668,894901,832632,839893,254883,258154,243854,265911,265491,265491,106011,109507,109507,72194,65303,65197,7894,9061,8727,122935,126665,119465,7999027,8000918,8000918,13852,14728,14728,,,138841,,,400912,,,277090,9782992,9682459,10485291
Durham,19798,0,124,,,,23579,22264,21050,222769,222641,222641,52321,52432,52432,,0,0,,0,0,,0,0,3993506,3973181,3973181,144740,153897,153897,,,,,,215949,,,84374,4456713,4424415,4723649
Eastford,7021,0,,,,,14309,12291,11942,174957,175010,175010,22868,22303,22303,24643,19446,15838,,0,0,2274,2167,1706,1116844,1115561,1115561,51317,54564,54564,,,,,,33194,,,,1414233,1401342,1430117
East Granby,28828,0,,,,,17361,16505,15474,201944,202108,202108,34522,35286,35286,18819,16735,21750,,0,0,1353,1270,1476,1380756,1433733,1433733,505475,537454,537454,,,9904,,,152904,,,,2189058,2243092,2410089
East Haddam,44042,0,8489,,,,29779,28875,27085,329648,331311,331311,88338,87991,87991,60987,48970,53290,,0,0,5330,5167,5214,3765704,3777645,3777645,1595,1696,1696,,,,,,268344,,,,4325424,4281655,4561064
East Hampton,117636,49128,49453,,,,61488,45261,41992,322948,320189,320189,89318,88368,88368,77562,60131,55788,,0,0,18101,18252,16157,7672767,7714555,7714555,17816,18943,18943,,,,,,378798,,,,8377635,8314828,8684243
East Hartford,790945,566261,559597,520320,989051,490893,308116,312071,294784,587141,585805,585805,448528,446673,446673,492483,458669,444741,49827,47057,44002,198625,219999,207440,49000950,49561048,49561048,4182901,4447536,4447536,,,214997,,,2036894,,,3927886,56579837,57634169,63262297
East Haven,379020,253502,242589,,,,161177,174289,170491,402897,401912,401912,214564,219803,219803,222073,185709,184422,34033,29112,27876,458406,474181,445053,19946535,20002740,20002740,40912,43500,43500,,,,,,854319,,,9156,21859617,21784748,22601861
East Lyme,1028645,874190,869119,42921,40854,40494,333126,338385,321012,318395,318528,318528,118828,120181,120181,56623,48875,51407,,0,0,17000,16661,16346,7063959,7136795,7136795,21107,22442,22442,,,,,,350852,,,,9000604,8916911,9247177
Easton,63586,270,413,,,,10636,11278,10573,227805,227879,227879,66516,66646,66646,287,252,246,,0,0,200,217,177,603313,593105,593105,2502,2660,2660,,,,,,223430,,,,974845,902307,1125129
East Windsor,118146,57397,58269,,,,48442,49781,45711,267394,267564,267564,78232,78338,78338,110724,93491,90453,,0,0,15938,16825,15439,5764571,5809857,5809857,277470,295024,295024,,,,,,334616,,,,6680917,6668277,6995272
Ellington,7900,0,97,,,,54191,49491,44970,339904,336233,336233,105415,106719,106719,150526,126293,127592,,0,0,14417,14839,14124,9689494,9755384,9755384,210227,223527,223527,,,,,,463112,,,,10572074,10612486,11071758
Enfield,1301831,1018630,1052802,27107,24959,25574,1449946,1442775,1363383,534951,535091,535091,320305,321907,321907,343059,325197,312591,145914,138830,128663,93742,100297,91525,28892001,29193943,29193943,241591,256875,256875,,,,,,1312766,,,282424,33350448,33358504,34877545
Essex,10949,0,79,15085,,,13555,13224,12553,215183,214980,214980,40043,40105,40105,382,503,821,,0,0,,0,0,378225,365550,365550,70111,74547,74547,,,,,,107345,,,,743533,708908,815979
Fairfield,35231,0,138,2641401,2024123,2013016,292353,294950,278417,711140,712467,712467,370404,373054,373054,7615,6795,6636,,0,0,6811,6352,6260,3835128,3583484,3583484,90990,96747,96747,,,,,,1144842,,,,7991073,7097971,8215061
Farmington,3507095,3147460,3159385,31718,29785,29924,31383,32572,29874,372988,373341,373341,136925,137501,137501,26185,15334,16577,,0,0,3824,3494,3355,1617748,1608846,1608846,513328,545804,545804,,,,,,482637,,,,6241194,5894138,6387244
Franklin,17426,6581,5991,,,,15254,16105,15419,129457,129398,129398,17711,17774,17774,19551,15655,14426,,0,0,3289,3204,2825,1079977,948101,948101,21707,23080,23080,,,,,,37871,,,,1304372,1159898,1194886
Glastonbury,50469,0,,1728,,7,40105,46072,41737,465108,461027,461027,203659,204413,204413,100040,86708,84674,,0,0,6413,6261,5786,6536191,6623032,6623032,226471,240799,240799,,,,,,1086151,,,1165733,7630184,7668312,9913359
Goshen,18576,0,411,,,,10588,11153,10548,276087,277151,277151,42696,42651,42651,,0,0,,0,0,,0,0,218188,211340,211340,2490,2648,2648,,,,,,43596,,,,568625,544943,588345
Granby,13381,0,50,,,,28113,25939,24034,259653,259634,259634,79327,80190,80190,42953,31390,37411,,0,0,2466,2228,2363,5543975,5561223,5561223,33230,35332,35332,,,,,,352440,,,345234,6003097,5995937,6697911
Greenwich,25772,0,,897965,,,98189,99288,93555,747652,747843,747843,319795,319966,319966,287,252,246,,0,0,,0,0,3647012,3037524,3037524,83725,89022,89022,,,,,,527695,,,,5820397,4293895,4815852
Griswold,66244,15894,17242,,,,103449,94046,87063,191998,192032,192032,91869,94617,94617,157311,138779,138571,,0,0,49672,52174,49261,10923542,10977088,10977088,29997,31895,31895,,,,,,350840,,,,11614082,11596525,11938609
Groton,1104583,804171,839789,40203,36123,37929,1390133,1412077,1339581,377392,380167,380167,211921,214072,214072,314677,236836,256614,36623,50020,52511,117502,103357,109304,25532449,25622519,25622519,1166988,1240819,1240819,,,,,,623548,,,,30292470,30100161,30716852
Guilford,20785,0,,19423,,,31929,27392,26144,360844,360832,360832,137609,137903,137903,32607,29220,19227,,0,0,9345,10379,8006,3083678,2945592,2945592,60989,64848,64848,,,,,,657644,,,,3757208,3576165,4220195
Haddam,69812,22196,21263,,,,23384,25437,23906,244273,246301,246301,73867,73641,73641,,0,0,,0,0,,0,0,1823044,1925038,1925038,3343,3554,3554,,,,,,245344,,,,2237722,2296167,2539048
Hamden,1015382,715955,714501,3026411,2870139,2855249,939097,951150,898464,668305,673661,673661,431930,433974,433974,597059,550418,537508,166160,167805,158057,281244,296521,274382,27166648,27127960,27127960,269631,286689,286689,,,620903,,,2155661,,,2826269,34561867,34074272,39563277
Hampton,30686,16831,21038,,,,14750,14446,13999,188095,188237,188237,28035,28694,28694,16608,14153,15606,,0,0,1435,1477,1515,1339928,1339825,1339825,,,,,,,,,54801,,,,1619537,1603662,1663715
Hartford,14816241,13887253,13666641,25279198,23443507,23849510,6652860,6631346,6279594,1202455,1201712,1201712,1976067,1934557,1934557,1531905,1174599,1147049,84973,63733,59995,2172646,1792609,1862072,201084900,201772044,201772044,1334719,1419161,1419161,,,12422113,,,1498643,,,14592642,256135964,253320522,281705733
Hartland,104841,86156,88476,,,,13886,12851,12223,143026,142967,142967,19057,19109,19109,20714,17613,19227,,0,0,1853,1759,1782,1359587,1358519,1358519,898,955,955,,,,,,40254,,,,1663862,1639930,1683512
Harwinton,7749,0,,,,,17719,19927,18677,227680,227824,227824,49911,50006,50006,,0,0,,0,0,,0,0,2774080,2760315,2760315,20226,21506,21506,,,,,,164081,,,,3097365,3079578,3242409
Hebron,15564,0,,,,,30564,30744,28512,241561,241222,241222,69933,70831,70831,37934,30739,33309,,0,0,,0,0,7015394,6991218,6991218,2084,2216,2216,,,,,,300369,,,299820,7413035,7366970,7967497
Kent,61484,29220,35564,,,,10105,9953,9101,281659,282751,282751,41921,41879,41879,1933,2696,2914,,0,0,,0,0,170438,167052,167052,,,,,,,,,38590,,,,567540,533551,577851
Killingly,265435,169887,180836,,,,158610,151533,145825,362264,362463,362463,143681,141039,141039,204209,227595,213888,28983,31730,28765,108082,113060,101109,15856600,15870348,15870348,664666,706717,706717,,,46615,,,505562,,,,17792530,17774372,18303167
Killingworth,103880,60358,62657,,,,18280,16778,15229,252854,253148,253148,53343,53448,53448,,0,0,,0,0,,0,0,2245206,2244748,2244748,4842,5148,5148,,,,,,122744,,,,2678405,2633628,2757122
Lebanon,33143,0,3458,,,,36533,35167,33161,317096,318154,318154,72023,71696,71696,91487,73991,71523,,0,0,8223,8186,7501,5509273,5517804,5517804,28617,30427,30427,,,,,,214717,,,,6096395,6055425,6268441
Ledyard,693548,944979,594078,,,,949184,936306,880962,296103,296177,296177,111385,112383,112383,153302,134528,130526,,0,0,22242,23306,21383,12124930,12216495,12216495,396030,421085,421085,,,3012,,,442811,,,,14746724,15085259,15118912
Lisbon,7577,0,131,,,,29329,24388,23718,176428,179879,179879,28353,28884,28884,53861,47150,42946,,0,0,11474,10774,9358,3921291,3911991,3911991,3464,3683,3683,,,,,,65371,,,,4231777,4206750,4265962
Litchfield,79188,28313,24641,,,,21685,19724,18317,382385,383844,383844,81931,81971,81971,27197,21923,19893,139,84,74,1435,1372,1209,1502746,1524618,1524618,3228,3432,3432,,,13907,,,244464,,,,2099933,2065281,2316370
Lyme,16461,0,,195,,,9113,8874,8364,180143,180114,180114,25763,25766,25766,,0,0,,0,0,,0,0,145556,139702,139702,,,,,,,,,31470,,,,377231,354456,385416
Madison,540719,456004,371803,,,,20366,19844,19516,313685,313633,313633,110451,109978,109978,19591,13102,10676,4534,2705,2033,7526,7366,6503,1585276,1574259,1574259,6391,6795,6795,,,,,,536777,,,,2608539,2503685,2951973
Manchester,844806,566228,559667,866237,826527,817246,598186,605863,572303,646353,644881,644881,422712,428332,428332,370143,340211,337990,143737,152438,146098,461622,526602,495422,34220411,34861662,34861662,1008637,1072449,1072449,,,,,,1971540,,,2816162,39582844,40025194,44723753
Mansfield,7656351,7192804,7187599,,,,207662,242157,205528,415303,416521,416521,184935,195109,195109,119987,111831,112398,,0,0,,0,0,10181241,10186509,10186509,6434,6841,6841,,,2630447,,,756128,,,,18771913,18351772,21697081
Marlborough,16534,0,,,,,18229,20104,18590,212383,212279,212279,50347,51348,51348,18138,15896,17506,,0,0,,0,0,3201941,3221395,3221395,6878,7313,7313,,,,,,188665,,,,3524450,3528335,3717095
Meriden,432065,194200,193862,1256048,1198941,1185011,907031,918672,867785,669183,666851,666851,509499,525697,525697,508196,451512,453573,187334,179901,174348,943554,889102,842279,59617374,60809702,60809702,840468,893641,893641,,,259564,,,1893412,,,1245477,65870752,66728219,70011201
Middlebury,20089,0,,,,,18094,16877,15762,222906,222806,222806,55344,55554,55554,,0,0,,0,0,,0,0,738899,806344,806344,79250,84264,84264,,,,,,222109,,,,1134582,1185845,1406838
Middlefield,10411,0,33,,,,21025,19111,17381,197344,197382,197382,31698,31880,31880,,0,0,,0,0,,0,0,2142785,2141544,2141544,233857,248652,248652,,,,,,131529,,,71730,2637120,2638570,2840131
Middletown,2573487,3252694,2242261,4087232,6809015,3856075,1253270,1269355,1199043,597667,592846,592846,313567,317269,317269,536925,489130,494875,126302,101255,98766,1201234,1318229,1263922,19652896,19858991,19858991,1868907,1987145,1987145,,,727324,,,1388602,,,1593535,32211487,35995928,35620653
Milford,556477,202342,196625,448475,429614,423111,399010,404131,381746,585695,586204,586204,351019,351815,351815,201354,77503,75685,64353,20783,19504,74432,37299,33866,11411592,11377600,11377600,1264846,1344868,1344868,,,,,,2707412,,,,15357253,14832158,17498435
Monroe,11952,0,46,,,,35497,34506,33408,351766,352168,352168,134631,134510,134510,53016,48853,46005,5795,4532,4099,13634,13416,12100,6677020,6510618,6510618,168449,179106,179106,,,,,,581867,,,,7451760,7277709,7853927
Montville,1979859,2192340,1799468,,,,1068665,1019799,954946,327476,327479,327479,145652,147104,147104,217881,249907,240119,13433,13287,12314,31192,34067,31100,12787949,12857281,12857281,497189,528644,528644,,,26217,,,578318,,,,17069296,17369908,17502990
Morris,17550,5794,826,,,,11262,11694,11083,177379,177717,177717,21705,21686,21686,,0,0,,0,0,,0,0,657975,657773,657773,3318,3528,3528,,,,,,40463,,,,889189,878191,913075
Naugatuck,91305,0,3022,,,,218529,245012,230955,424180,423171,423171,248445,256881,256881,370594,345422,339828,55778,71756,68117,205952,209764,195274,31042620,30799313,30799313,321327,341656,341656,,,,,,1251980,,,2379896,32978729,32692976,36290093
New Britain,3710093,3718207,3302143,2692730,2866022,2540440,2298649,2328150,2199189,770020,767195,767195,991377,1003987,1003987,1224102,1209804,1181428,191954,175634,165402,619530,600147,566690,84989724,86675859,86675859,1301538,1383881,1383881,,,2085537,,,3131893,,,5108889,98789716,100728886,110112533
New Canaan,47151,0,7388,,,,9293,9510,8977,330869,331097,331097,115715,116074,116074,287,252,246,,0,0,25,29,54,1542884,1209062,1209062,188,200,200,,,,,,241985,,,,2046412,1666224,1915083
New Fairfield,20607,0,128,,,,26468,31812,29199,276563,276641,276641,80517,80317,80317,41857,48726,39712,,0,0,3917,4607,3764,4461430,4429810,4429810,1081,1149,1149,,,,,,414970,,,,4912440,4873062,5275690
New Hartford,19654,0,,,,,21796,20083,19119,269858,270291,270291,63013,63091,63091,24814,35021,35230,,0,0,2112,2695,2562,3186353,3180203,3180203,130893,139174,139174,,,,,,202014,,,,3718493,3710559,3911684
New Haven,6879419,6993359,6060707,43465332,41901803,41007110,6537304,6224317,5809483,1251332,1248795,1248795,1648668,1603034,1603034,2269357,2035836,1988085,204871,255870,241085,2933644,2805827,2662108,151897331,155322630,155322630,1287658,1369123,1369123,,,15246372,,,114863,,,4278601,218374916,219760594,236951996
Newington,749383,571476,564544,1633915,1893314,1541508,254786,267867,248823,415388,416252,416252,209032,209841,209841,229869,279576,282408,4978,6312,6153,33945,38450,36648,13062892,13224900,13224900,863254,917869,917869,,,176884,,,937100,,,668057,17457442,17825857,19230987
New London,414949,337618,297982,5032102,4998983,4747507,1807956,1836497,1742211,390188,388445,388445,308565,313264,313264,295048,245460,239808,50527,43914,41351,1001019,1148594,1064306,25330623,26057581,26057581,31195,33169,33169,,,1356780,,,917228,,,678319,34662173,35403525,37877950
New Milford,32756,0,196,221957,82855,90021,84077,82307,76918,558293,559550,559550,192049,192641,192641,185092,164559,182292,6883,7550,8102,28572,35011,35734,12056908,12168329,12168329,634087,674203,674203,,,,,,814597,,,,14000675,13967005,14802582
Newtown,946060,717794,738994,,,,952649,969137,913492,469220,469996,469996,207562,207668,207668,79452,84295,82318,28718,15301,20255,4048,4620,4281,4398056,4757982,4757982,221366,235371,235371,,,,,,824747,,,335300,7307131,7462164,8590405
Norfolk,90248,63282,73196,47767,42230,45066,14208,14285,13352,251076,241630,241630,31899,31884,31884,1694,1836,2239,14097,0,0,229,250,256,381819,381255,381255,6778,7207,7207,,,,,,28993,,,,839815,783859,825078
North Branford,5680,0,,2434,,,45449,44596,42146,281428,281043,281043,88887,88766,88766,149914,146028,142602,,0,0,39535,47427,43966,8204193,8206425,8206425,283160,301074,301074,,,,,,421072,,,,9100679,9115359,9527095
North Canaan,25017,8147,6881,,,,25740,21910,21982,188363,188202,188202,29971,29454,29454,35988,32320,30439,,0,0,,0,0,2091935,2091575,2091575,338315,359719,359719,,,4393,,,95081,,,,2735329,2731326,2827726
North Haven,119369,0,2642,647579,580506,583149,158406,160439,151552,360171,358358,358358,154749,154546,154546,78435,83614,74418,,0,0,4469,5838,5016,3437090,3675551,3675551,1359707,1445730,1445730,,,,,,702295,,,,6319975,6464582,7153257
North Stonington,23626,0,221,,,,893855,893244,844077,239744,240033,240033,47925,48062,48062,59030,50218,52340,,0,0,7477,7770,7584,2906761,2899697,2899697,,,,,,,,,155222,,,,4178419,4139024,4247236
Norwalk,404528,158245,32233,1571461,2596542,1482586,855995,866981,818957,887652,891306,891306,631512,638740,638740,67282,59120,64193,,14071,14736,66163,69634,72018,11716280,11551095,11551095,378941,402915,402915,,,,,,4896511,,,,16579815,17248649,20865290
Norwich,804821,910659,617436,810449,1087553,764613,2002692,2023985,1917276,501077,499260,499260,320837,322978,322978,590316,505813,493949,100784,73718,69390,330944,332980,307869,35928205,36576102,36576102,175997,187132,187132,,,259862,,,1362971,,,2019740,41566122,42520179,45398578
Old Lyme,30352,0,147,35059,,2022,15319,15371,14525,229908,229901,229901,49195,49358,49358,,0,0,,0,0,,0,0,605586,594612,594612,1776,1888,1888,,,,,,115080,,,,967195,891131,1007534
Old Saybrook,60807,0,,,,,18009,15765,14639,247093,247044,247044,67011,67014,67014,5896,7186,4882,384,675,319,5234,5573,4485,681702,646664,646664,43937,46717,46717,,,,,,146146,,,,1130073,1036637,1177909
Orange,11829,0,196,248668,204705,152963,49247,46926,43603,275147,275103,275103,100913,98746,98746,23808,21374,10427,47,0,0,,0,0,1193595,1348918,1348918,98717,104962,104962,,,,,,409337,,,,2001971,2100734,2444255
Oxford,252505,160573,165026,,,,34509,27040,25454,273845,274226,274226,95377,95165,95165,38743,21291,29678,,0,0,1301,1252,1156,4683927,4676513,4676513,79296,84313,84313,,,,,,246859,,,,5459503,5340373,5598389
Plainfield,57395,0,1270,41283,36348,34680,182340,168094,122847,290104,289613,289613,129537,125953,125953,253019,282399,265910,,0,0,109629,114627,102684,15573340,15642047,15642047,136187,144803,144803,,,16116,,,446742,,,,16772833,16803884,17192665
Plainville,17664,0,391,,,,86023,80726,72680,307546,307431,307431,124459,124497,124497,161034,148070,145921,,0,0,116792,132138,123393,10463805,10443325,10443325,509690,541936,541936,,,,,,522783,,,,11787013,11778123,12282357
Plymouth,12212,0,462,,,,71534,72640,69966,262226,261739,261739,94231,96614,96614,176563,139196,142356,,0,0,11431,11326,10924,9911661,9914956,9914956,143364,152434,152434,,,,,,367902,,,266550,10683222,10648905,11283903
Pomfret,48075,27007,27434,,,,22648,23025,19519,242643,243039,243039,46820,46950,46950,39263,39621,42642,,0,0,5599,5711,5733,3127251,3136355,3136355,26165,27820,27820,,,,,,78101,,,,3558464,3549528,3627593
Portland,27556,0,201,,,,33088,29628,27787,240103,239867,239867,63149,63429,63429,52337,43427,42409,,0,0,11575,11038,10196,4397414,4420530,4420530,85435,90840,90840,,,,,,277409,,,,4910656,4898759,5172668
Preston,16402,0,722,,,,1183656,1192160,1128043,199909,199882,199882,44286,44551,44551,86435,75821,74987,,0,0,20227,21378,19783,3029202,3071731,3071731,,,,,,,,,84835,,,,4580117,4605523,4624534
Prospect,2055,0,,,,,37247,28238,27025,240207,240328,240328,66103,64798,64798,,0,0,,0,0,,0,0,5405931,5379817,5379817,66721,70942,70942,,,,,,283717,,,,5818264,5784123,6066627
Putnam,33309,0,,232405,219527,214334,119285,113730,103824,238506,238164,238164,84782,82002,82002,152895,148633,139122,2038,4,0,65910,71556,63779,8456611,8497790,8497790,161578,171800,171800,,,,,,109975,,,,9547318,9543206,9620791
Redding,179434,93294,95600,,,,11694,11645,10940,268879,269265,269265,69362,69407,69407,287,252,246,,0,0,493,537,527,695149,686781,686781,1250,1329,1329,,,,,,273185,,,,1226548,1132511,1407281
Ridgefield,148889,0,2103,,,,16612,15718,14180,378878,379236,379236,153327,153548,153548,600,1990,1944,,0,0,725,540,557,2124506,1990475,1990475,528547,561986,561986,,,,,,738233,,,,3352085,3103493,3842262
Rocky Hill,933775,845180,780934,,,,281888,285506,269691,341316,342814,342814,113558,113500,113500,68151,54211,47638,,0,0,12319,11349,9627,3588811,3944732,3944732,208037,221199,221199,,,,,,584244,,,,5547856,5818489,6314378
Roxbury,4281,0,65,,,,8370,8538,8077,329802,331615,331615,35916,35839,35839,,0,0,,0,0,,0,0,158114,133039,133039,566,602,602,,,,,,23029,,,,537048,509633,532266
Salem,71139,48212,47708,,,,21968,19852,18266,193620,193672,193672,33666,34396,34396,36006,40480,44237,,0,0,3218,4142,4243,3143786,3113963,3113963,4419,4699,4699,,,,,,123244,,,,3507822,3459416,3584428
Salisbury,8251,0,109,,,,9433,9655,9090,292128,284662,284662,43871,43808,43808,1459,1204,1175,,0,0,,0,0,187266,148652,148652,78,83,83,,,,,,29897,,,,542486,488064,517476
Scotland,25202,19534,17012,,,,17604,17093,15755,153925,153812,153812,21198,21296,21296,22974,18907,18766,,0,0,1752,1833,1720,1450663,1450575,1450575,7224,7681,7681,,,,,,52109,,,38005,1700541,1690730,1776731
Seymour,22331,0,,,,,78393,73475,68021,297032,296883,296883,115583,116598,116598,121533,116307,117811,,0,0,70700,75761,72376,10031763,10128311,10128311,264455,281186,281186,,,,,,494298,,,249143,11001789,11088521,11824627
Sharon,18730,0,,,,,8891,9736,9135,355320,357425,357425,49456,48779,48779,287,252,246,,0,0,,0,0,145798,139261,139261,,,,,,,,,28022,,,,578482,555453,582868
Shelton,15668,0,347,,,,80088,81312,75044,495552,501144,501144,267034,268166,268166,114941,90064,90345,16529,8071,7795,38223,37943,35728,5311560,5482804,5482804,549365,584121,584121,,,,,,1016326,,,,6888960,7053625,8061820
Sherman,14,0,,,,,10408,10481,9951,204907,205240,205240,26607,26023,26023,3673,2718,1922,,0,0,256,246,168,252202,213125,213125,,,,,,,,,56139,,,,498067,457834,512568
Simsbury,123399,0,2575,,,,33613,32798,28552,361234,362351,362351,154713,157504,157504,42224,33298,42915,8098,7776,9884,10428,11162,12280,5664940,5944949,5944949,73028,77648,77648,,,21671,,,775368,,,1302933,6471676,6627485,8738629
Somers,1499575,1342227,1375397,,,,1700850,1711137,1613720,269120,268053,268053,87482,88675,88675,82121,65348,67334,,0,0,10717,10928,10600,6034556,6068039,6068039,77426,82324,82324,,,,,,203969,,,,9761848,9636731,9778112
Southbury,298743,178782,172813,,,,42711,42073,37794,379296,377898,377898,132008,130193,130193,,0,0,,0,0,,0,0,2631384,3033041,3033041,19733,20981,20981,,,,,,582601,,,,3503876,3782968,4355322
Southington,26815,0,,141493,,,151250,136778,126441,523137,523673,523673,280242,283158,283158,163061,152300,153955,47117,39169,38211,10896,11098,14188,20302348,20568713,20568713,771956,820795,820795,,,,,,1280877,,,,22418314,22535683,23810010
South Windsor,13221,0,79,,,,60215,59843,54493,380687,380491,380491,164723,163674,163674,125851,110875,104867,,0,0,12720,13055,11763,12487545,13035627,13035627,1258566,1338190,1338190,,,,,,804258,,,830111,14503528,15101755,16723553
Sprague,12257,476,369,,,,31144,28508,26313,151371,151257,151257,24806,26251,26251,49818,44753,48885,,0,0,15613,15023,15319,2604493,2661363,2661363,363529,386528,386528,,,,,,128769,,,,3253031,3314159,3445054
Stafford,55003,3176,4439,228369,211019,215454,98483,101965,93402,392105,393050,393050,109168,111207,111207,207415,200772,199056,27017,14765,14106,25512,26691,25040,9938817,9980702,9980702,411860,437917,437917,,,43057,,,349930,,,128655,11493749,11481264,11996014
Stamford,1510039,1084271,1073390,1963214,1827676,1852182,926415,938305,886330,1204261,1213719,1213719,821608,842577,842577,95896,89243,103104,70551,60583,67489,297113,315487,295527,10620437,10885284,10885284,391381,416142,416142,,,552292,,,3414955,,,,17900914,17673286,21602991
Sterling,5952,0,132,,,,35406,36354,33497,192124,191937,191937,40587,41624,41624,70421,61429,60903,,0,0,11103,11463,10744,3234152,3248157,3248157,22946,24398,24398,,,,,,110893,,,,3612691,3615362,3722285
Stonington,21561,0,,,,,40283,35302,33143,298655,298367,298367,109956,109735,109735,22846,22532,23308,2592,2783,2777,15465,8229,7710,1961943,1972863,1972863,94362,100332,100332,,,,,,292053,,,,2567662,2550142,2840287
Stratford,400622,124993,123243,,,,168339,170682,161178,597569,597168,597168,391112,392331,392331,291754,273058,252949,102887,102611,91607,111680,117764,104120,21463543,21818466,21818466,3298976,3507689,3507689,,,,,,1627064,,,1325915,26826482,27104762,30001730
Suffield,2657588,2441296,2445787,,,,2976971,3003392,2837591,291302,290413,290413,91360,92624,92624,83028,81720,80737,,0,0,7079,8213,7689,6232613,6344484,6344484,169913,180663,180663,,,53767,,,463170,,,,12509853,12442805,12796925
Thomaston,40663,4638,5773,,,,41317,41237,40227,223708,223376,223376,53187,52830,52830,51440,58809,57429,,0,0,15562,11427,10495,5740956,5740364,5740364,371822,395346,395346,,,,,,228716,,,100617,6538655,6528026,6855172
Thompson,11540,0,41,2482,,,70913,68444,63716,253138,253163,253163,89902,88496,88496,94874,90824,82781,4593,2392,2093,50677,52307,45403,7678985,7657722,7657722,72167,76733,76733,,,,,,164939,,,,8329271,8290081,8435087
Tolland,52883,0,,,,,43715,37585,34934,338861,339123,339123,115715,116116,116116,128122,109397,108467,,0,0,9274,9141,8555,10888029,10907112,10907112,80003,85064,85064,,,,,,437559,,,,11656602,11603539,12036931
Torrington,249421,104211,97248,254799,262832,240389,257271,293101,288347,465796,463744,463744,258790,259082,259082,409244,378776,367120,34013,52928,49509,128573,131024,120366,24473175,24779195,24779195,569326,605345,605345,,,,,,1133394,,,1024732,27100408,27330238,29428471
Trumbull,96878,0,,18591,,3286,53557,53005,50070,464109,464072,464072,246276,245884,245884,60949,54332,48413,18415,18084,15541,15036,16587,14331,3362433,3353943,3353943,178045,189309,189309,,,,,,1072878,,,48361,4514290,4395216,5506088
Union,32010,23968,25713,,,,22471,22760,21499,124709,124667,124667,14950,14971,14971,10543,8231,8375,,0,0,1484,1795,1723,241791,243820,243820,,,,,,,,,24878,,,,447959,440212,465646
Vernon,239453,113593,114386,339449,320005,320251,177683,174419,159327,402328,402246,402246,208454,209533,209533,129963,119168,115420,,0,0,233691,240482,220798,19624822,19648688,19648688,142578,151598,151598,,,,,,922743,,,839214,21498421,21379733,23104204
Voluntown,87923,69642,72039,60000,60000,56607,92538,93726,88534,172352,172454,172454,24841,24337,24337,42559,37847,36626,,0,0,7562,8109,7446,2550747,2550020,2550020,1883,2002,2002,,,,,,48818,,,,3040405,3018137,3058883
Wallingford,55743,0,,354183,155571,153782,172355,163844,156489,542236,541354,541354,288056,287092,287092,309530,271684,258592,23406,22467,20620,273987,271527,245656,21803104,21863617,21863617,1832519,1948455,1948455,,,61586,,,1324296,,,,25655119,25525611,26861539
Warren,14319,0,9597,,,,8782,8784,8224,181621,181741,181741,21782,21740,21740,,0,0,,0,0,,0,0,99777,88775,88775,271,288,288,,,,,,15842,,,,326552,301328,326207
Washington,34664,0,6165,,,,9438,9302,8764,329042,330184,330184,52666,51918,51918,,0,0,,0,0,,0,0,240147,221936,221936,149,158,158,,,,,,36701,,,,666106,613499,655826
Waterbury,4498583,3918729,3927492,5773418,5505887,5446897,3054884,3094091,2922703,1078651,1075110,1075110,1305413,1302143,1302143,1131303,1040059,1022604,348811,281392,266745,1969070,1950912,1814216,131125709,134524338,134524338,2366443,2516158,2516158,,,3284145,,,5595448,,,11801968,152652284,155208819,175499967
Waterford,286127,124651,123367,65721,156519,62005,51184,46103,42712,321871,321363,321363,118570,118101,118101,33193,27168,27995,,0,0,12338,12578,11977,1446476,1483954,1483954,32217,34255,34255,,,,,,372956,,,,2367698,2324692,2598685
Watertown,35613,0,16042,,,,85337,79387,75381,353011,352526,352526,156068,154296,154296,150185,135449,128233,33022,34005,31051,4705,5053,4556,11840373,11949758,11949758,604064,642281,642281,,,,,,652100,,,,13262378,13352755,14006224
Westbrook,30313,0,,18861,56101,,18947,18216,16228,216968,216813,216813,42814,42361,42361,5592,5517,4149,,0,0,1744,1836,1486,397619,427001,427001,251494,267405,267405,,,,,,116023,,,,984352,1035250,1091467
West Hartford,301092,0,,1084554,978740,968971,220032,210497,197988,687452,687363,687363,436682,432145,432145,270623,165325,119418,99928,73825,50954,133942,95486,70687,18364058,19867867,19867867,757839,805784,805784,,,211483,,,2075223,,,2506040,22356202,23317032,27993924
West Haven,59579,0,,5476449,5199073,5047799,985721,1017690,972453,621676,617903,617903,579476,580769,580769,520809,489934,481821,138276,107239,101673,211772,215528,200546,45135396,45994046,45994046,138739,147516,147516,,,339563,,,1614877,,,2255190,53867892,54369699,58354155
Weston,6604,0,,,,,9369,9496,9083,251516,251636,251636,65206,65240,65240,287,252,246,,0,0,381,81,70,1071022,845528,845528,426,453,453,,,,,,304282,,,,1404811,1172686,1476538
Westport,828016,344544,368392,184153,169091,173738,27989,28452,26690,384848,386468,386468,145997,146394,146394,287,252,246,,0,0,1230,221,214,1990079,1982936,1982936,,,,,,,,,377722,,,,3562600,3058358,3462800
Wethersfield,247201,123563,108083,9178,18834,8659,219181,221994,209698,403048,401268,401268,182902,183003,183003,82254,86709,85662,27298,20191,19239,30210,30340,28336,8411254,9020510,9020510,20489,21785,21785,,,,,,1353493,,,933484,9633016,10128197,12373219
Willington,46133,21183,17270,,,,28762,34773,33336,257809,258353,258353,59949,58389,58389,52563,45507,39464,,0,0,,0,0,3729428,3718080,3718080,18827,20018,20018,,,,,,174995,,,,4193471,4156304,4319906
Wilton,96400,0,333,,,,11265,11944,10891,315846,315938,315938,112762,112895,112895,287,252,246,,0,0,1099,196,199,1619832,1461523,1461523,288788,307058,307058,,,,,,547338,,,,2446278,2209807,2756421
Winchester,80035,30792,31435,43134,40801,40695,74635,81005,78651,301370,301361,301361,89011,89048,89048,89001,82120,78948,26743,14209,13156,11259,11473,10465,8191876,8187413,8187413,287984,306204,306204,,,,,,323087,,,,9195048,9144425,9460462
Windham,3047008,3101626,2817089,668312,730378,630515,892577,906667,860118,368387,369052,369052,263899,266853,266853,283675,291366,296620,37827,42405,39948,270901,288258,266779,26495170,26815061,26815061,427527,454575,454575,,,1248096,,,739671,,,630872,32755282,33266241,35435249
Windsor,55006,0,,,,,108632,76355,72031,404234,403865,403865,180920,181757,181757,233482,189783,185332,29591,71855,67749,49848,57604,53382,12598070,12374959,12374959,1242398,1321000,1321000,,,9660,,,854935,,,,14902181,14677177,15524670
Windsor Locks,94693,0,25481,,,,445189,450903,425927,263475,263525,263525,79835,77571,77571,80180,78464,55776,,0,0,24086,24994,17450,5262010,5269809,5269809,1794444,1907971,1907971,,,32533,,,368853,,,,8043912,8073237,8444896
Wolcott,2136,0,,,,,71260,63773,61523,302219,302040,302040,113229,114479,114479,130857,132238,119659,,0,0,4019,4498,3890,13682019,13621228,13621228,220938,234916,234916,,,,,,490659,,,,14526676,14473172,14948394
Woodbridge,17555,0,,98,,,13164,11740,11217,241007,240893,240893,64474,64481,64481,1840,1643,2805,343,338,557,,0,0,733597,690472,690472,28140,29920,29920,,,,,,274418,,,276815,1100218,1039487,1591578
Woodbury,571,0,196,,,,19476,21861,19737,295851,296185,296185,78210,77611,77611,,0,0,,0,0,,0,0,942926,1051361,1051361,53522,56908,56908,,,,,,288147,,,,1390556,1503926,1790145
Woodstock,9499,0,1593,,,,33642,28928,26251,380393,382200,382200,83243,83450,83450,67546,63075,63054,,0,0,8435,9025,8520,5437489,5443228,5443228,64675,68767,68767,,,,,,140648,,,,6084922,6078673,6217711
